package,version,declared_license
@electric-sql/pglite,0.4.3,Apache-2.0
@electric-sql/pglite-socket,0.1.3,Apache-2.0
@electric-sql/pglite-tools,0.3.3,Apache-2.0
@prisma/adapter-libsql,7.10.0,Apache-2.0
@prisma/client,7.10.0,Apache-2.0
@prisma/client-runtime-utils,7.10.0,Apache-2.0
@prisma/config,7.10.0,Apache-2.0
@prisma/debug,7.2.0,Apache-2.0
@prisma/debug,7.10.0,Apache-2.0
@prisma/driver-adapter-utils,7.10.0,Apache-2.0
@prisma/engines,7.10.0,Apache-2.0
@prisma/engines-version,7.10.0-4.0edf323efd1d98336f3f0a68684b56f689b900d3,Apache-2.0
@prisma/fetch-engine,7.10.0,Apache-2.0
@prisma/get-platform,7.2.0,Apache-2.0
@prisma/get-platform,7.10.0,Apache-2.0
@prisma/query-plan-executor,7.2.0,Apache-2.0
@prisma/streams-local,0.1.11,Apache-2.0
@prisma/studio-core,0.33.0,Apache-2.0
denque,2.1.0,Apache-2.0
detect-libc,2.0.2,Apache-2.0
long,5.3.2,Apache-2.0
prisma,7.10.0,Apache-2.0
@libsql/client,0.17.4,MIT
@libsql/core,0.17.4,MIT
@libsql/darwin-arm64,0.5.29,MIT
@libsql/hrana-client,0.10.0,MIT
@libsql/isomorphic-ws,0.1.5,MIT
@neon-rs/load,0.0.4,MIT
@radix-ui/primitive,1.1.3,MIT
@radix-ui/react-compose-refs,1.1.2,MIT
@radix-ui/react-primitive,2.1.3,MIT
@radix-ui/react-slot,1.2.3,MIT
@radix-ui/react-toggle,1.1.10,MIT
@radix-ui/react-use-controllable-state,1.2.2,MIT
@radix-ui/react-use-effect-event,0.0.2,MIT
@radix-ui/react-use-layout-effect,1.1.1,MIT
@standard-schema/spec,1.1.0,MIT
@types/d3-array,3.0.3,MIT
@types/d3-color,3.1.0,MIT
@types/d3-delaunay,6.0.1,MIT
@types/d3-format,3.0.1,MIT
@types/d3-geo,3.1.0,MIT
@types/d3-interpolate,3.0.1,MIT
@types/d3-path,3.1.1,MIT
@types/d3-scale,4.0.2,MIT
@types/d3-shape,3.1.7,MIT
@types/d3-time,3.0.0,MIT
@types/d3-time-format,2.1.0,MIT
@types/geojson,7946.0.16,MIT
@types/lodash,4.17.25,MIT
@types/node,22.20.2,MIT
@types/react,19.3.0,MIT
@types/ws,8.18.1,MIT
@visx/curve,4.0.1-alpha.0,MIT
@visx/event,4.0.1-alpha.0,MIT
@visx/grid,4.0.1-alpha.0,MIT
@visx/group,4.0.1-alpha.0,MIT
@visx/point,4.0.1-alpha.0,MIT
@visx/responsive,4.0.1-alpha.0,MIT
@visx/scale,4.0.1-alpha.0,MIT
@visx/shape,4.0.1-alpha.0,MIT
ajv,8.20.0,MIT
async-mutex,0.5.0,MIT
aws-ssl-profiles,1.1.2,MIT
better-result,2.10.0,MIT
c12,3.3.4,MIT
chokidar,5.0.0,MIT
classnames,2.5.1,MIT
confbox,0.2.4,MIT
confbox,0.3.1,MIT
cross-spawn,7.0.6,MIT
csstype,3.2.3,MIT
defu,6.1.7,MIT
destr,2.0.5,MIT
effect,3.20.0,MIT
empathic,2.0.0,MIT
env-paths,3.0.0,MIT
exsolve,1.1.1,MIT
fast-check,3.23.2,MIT
fast-decode-uri-component,1.0.1,MIT
fast-deep-equal,3.1.3,MIT
fast-querystring,1.1.2,MIT
find-my-way,9.7.0,MIT
generate-function,2.3.1,MIT
get-port-please,3.2.0,MIT
giget,3.3.1,MIT
grammex,3.1.13,MIT
graphmatch,1.1.1,MIT
iconv-lite,0.7.3,MIT
is-property,1.0.2,MIT
jiti,2.7.0,MIT
json-schema-traverse,1.0.0,MIT
libsql,0.5.29,MIT
lodash,4.18.1,MIT
lru.min,1.1.5,MIT
mysql2,3.23.1,MIT
named-placeholders,1.1.6,MIT
ohash,2.0.12,MIT
path-key,3.1.1,MIT
pathe,2.0.3,MIT
perfect-debounce,2.1.0,MIT
pkg-types,2.3.3,MIT
proper-lockfile,4.1.2,MIT
pure-rand,6.1.0,MIT
rc9,3.1.0,MIT
react,19.3.0,MIT
react-dom,19.3.0,MIT
readdirp,5.1.1,MIT
remeda,2.33.4,MIT
require-from-string,2.0.2,MIT
ret,0.5.0,MIT
retry,0.12.0,MIT
safe-regex2,5.1.1,MIT
safer-buffer,2.1.2,MIT
scheduler,0.28.0,MIT
shebang-command,2.0.0,MIT
shebang-regex,3.0.0,MIT
sql-escaper,1.5.1,MIT
std-env,3.10.0,MIT
undici-types,6.21.0,MIT
valibot,1.4.2,MIT
ws,8.21.3,MIT
zeptomatch,2.1.0,MIT
@prisma/dev,0.24.17,ISC
d3-array,3.2.1,ISC
d3-array,3.2.4,ISC
d3-color,3.1.0,ISC
d3-delaunay,6.0.2,ISC
d3-format,3.1.0,ISC
d3-geo,3.1.0,ISC
d3-interpolate,3.0.1,ISC
d3-path,3.1.0,ISC
d3-scale,4.0.2,ISC
d3-shape,3.2.0,ISC
d3-time,3.1.0,ISC
d3-time-format,4.1.0,ISC
delaunator,5.1.0,ISC
foreground-child,3.3.1,ISC
graceful-fs,4.2.11,ISC
internmap,2.0.3,ISC
isexe,2.0.0,ISC
promise-limit,2.7.0,ISC
signal-exit,3.0.7,ISC
signal-exit,4.1.0,ISC
which,2.0.2,ISC
@visx/vendor,4.0.0-alpha.0,MIT and ISC
deepmerge-ts,8.0.0,BSD-3-Clause
fast-uri,3.1.7,BSD-3-Clause
js-base64,3.9.3,BSD-3-Clause
dotenv,17.4.2,BSD-2-Clause
elkjs,0.11.1,EPL-2.0
postgres,3.4.7,Unlicense
robust-predicates,3.0.3,Unlicense
tslib,2.8.1,0BSD
